mutation_rate	numQueriesMapped	numQueriesMappedOnlyAsMatch	numQueriesMappedOnlyAsSameSpecies	numQueriesMappedOnlyAsSameGenus	numQueriesMappedOnlyAsSameFamily	numBuscosMapped	numBuscosMappedOnlyAsMatch	numBuscosMappedOnlyAsSameSpecies	numBuscosMappedOnlyAsSameGenus	numBuscosMappedOnlyAsSameFamily	meanIdentitiesMappedOnlyAsMatch	meanIdentitiesMappedOnlyAsSameSpecies	meanIdentitiesMappedOnlyAsSameGenus	meanIdentitiesMappedOnlyAsSameFamily	meanTopIdentityPerQuery	mapqsAvg	mapqsFractionAtLeast30	mapqsFraction42	query_lengthsAvg	query_lengthsFractionAtLeast60	numQueriesTotal	numBuscosTotal	precisionQueries	precisionBuscos	recallQueries	recallBuscos	base_error_rate	read_length
0.000	353059	0	0	290462	336198	23296	0	0	18192	21676			0.9607571337492231	0.959138631689703	0.966470687351566	12.672643070968864	0.181544138582231	0.08045303997156	100	1	956781	39644	0	0	0	0	0	100
0.010	333131	0	0	276264	318352	22570	0	0	17797	21074			0.9568785574021711	0.9554921898085891	0.9633848515982191	11.37476701058505	0.148396466963086	0.057196650782518	100	1	956781	39644	0	0	0	0	0	100
0.025	301858	0	0	252888	289519	21493	0	0	17166	20188			0.9512280247112521	0.9501473827974971	0.958462234945023	9.46805121008558	0.10558150056746701	0.030112189810128004	100	1	956781	39644	0	0	0	0	0	100
0.050	244453	0	0	208082	235946	19583	0	0	15963	18573			0.9425032068756171	0.9418211898999961	0.9500797978473271	6.429354685052323	0.049669264426405006	0.008768052956977001	100	1	956781	39644	0	0	0	0	0	100
